{"cameraMode":{"drawMode":0,"name":"Shaded","section":"Shading Mode"},"sceneLighting":false,"audioPlay":false,"sceneViewState":{"m_AlwaysRefresh":false,"showFog":true,"showSkybox":false,"showFlares":true,"showImageEffects":true,"showParticleSystems":true,"showVisualEffectGraphs":true,"m_FxEnabled":true},"in2DMode":false,"pivot":{"x":14.390089988708496,"y":0.9791183471679688,"z":-13.872934341430664},"rotation":{"x":0.49379879236221316,"y":0.08712922036647797,"z":-0.04976647347211838,"w":0.8638142347335815},"size":1.5956578254699708,"orthographic":false}